"""CLI: run the full pipeline end-to-end (Tasks 1, 4, 5) so
data/processed/ and models/ are populated before you build the vector
store and launch the Streamlit app.

Usage:
    python scripts/run_pipeline.py
"""
import sys
from pathlib import Path

sys.path.append(str(Path(__file__).resolve().parents[1]))

from src.ml import train_classifier, early_warning

if __name__ == "__main__":
    print("=== Task 4: training critical-issue classifier ===")
    train_classifier.main()

    print("\n=== Task 5: building early warning system outputs ===")
    early_warning.main()

    print("\nDone. Next steps:")
    print("  1. python scripts/build_vectorstore.py")
    print("  2. streamlit run app/streamlit_app.py")
